Keyword, Volume, Position, EST.Visits, URL, SEO Difficulty
programing with python,40500,5,1899,http://pythonprogramming.net/introduction-to-python-programming/,32
python program,40500,8,798,http://pythonprogramming.net/introduction-to-python-programming/,37
reddit stream,22200,7,568,http://pythonprogramming.net/streaming-python-reddit-api-wrapper-praw-tutorial/,25
csv read python,12100,5,567,http://pythonprogramming.net/reading-csv-files-python-3/,17
tutorial python,49500,10,559,http://pythonprogramming.net/introduction-to-python-programming/,38
python programming,33100,9,497,http://pythonprogramming.net/introduction-to-python-programming/,34
payton programming,40500,10,458,http://pythonprogramming.net/,35
csvread python,12100,6,409,http://pythonprogramming.net/reading-csv-files-python-3/,22
zip in python,14800,7,379,http://pythonprogramming.net/zip-intermediate-python-tutorial/,18
phyton programming,33100,10,374,http://pythonprogramming.net/introduction-to-python-programming/,34
stream reddit,27100,10,306,http://pythonprogramming.net/streaming-python-reddit-api-wrapper-praw-tutorial/,27
coding with python,14800,8,292,http://pythonprogramming.net/introduction-to-python-programming/,20
opencv in python,4400,4,290,http://pythonprogramming.net/loading-images-python-opencv-tutorial/,15
opencv python,4400,4,290,http://pythonprogramming.net/loading-images-python-opencv-tutorial/,20
python programming tutorials,2400,3,234,http://pythonprogramming.net/introduction-to-python-programming/,26
python robotics,720,1,219,http://pythonprogramming.net/robotics-raspberry-pi-tutorial-gopigo-introduction/,39
python print,18100,10,205,http://pythonprogramming.net/python-tutorial-print-function-strings/,24
tensorflow tutorial,9900,8,195,http://pythonprogramming.net/tensorflow-introduction-machine-learning-tutorial/,22
pygame,12100,9,182,http://pythonprogramming.net/pygame-python-3-part-1-intro/,35
robotics with python,590,1,179,http://pythonprogramming.net/robotics-raspberry-pi-tutorial-gopigo-introduction/,18
python for robotics,590,1,179,http://pythonprogramming.net/robotics-raspberry-pi-tutorial-gopigo-introduction/,23
csv python,8100,8,160,http://pythonprogramming.net/reading-csv-files-python-3/,21
tutorial for python programming,2400,4,158,http://pythonprogramming.net/introduction-to-python-programming/,18
print function in python,1600,3,156,http://pythonprogramming.net/python-tutorial-print-function-strings/,6
raspberry pi  python,1600,3,156,http://pythonprogramming.net/introduction-raspberry-pi-tutorials/,17
monte carlo simulation python,480,1,146,http://pythonprogramming.net/monte-carlo-simulator-python/,6
image recognition python,480,1,146,http://pythonprogramming.net/image-recognition-python/,20
py game,12100,10,137,http://pythonprogramming.net/pygame-python-3-part-1-intro/,22
coding python,12100,10,137,http://pythonprogramming.net/introduction-to-python-programming/,25
global variable python,12100,10,137,http://pythonprogramming.net/global-local-variables/,16
python url,2900,5,136,http://pythonprogramming.net/urllib-tutorial-python-3/,19
pygames tutorial,1300,3,126,http://pythonprogramming.net/pygame-python-3-part-1-intro/,19
monte carlo python,390,1,119,http://pythonprogramming.net/monte-carlo-simulator-python/,14
tkinter tutorial python,720,2,117,http://pythonprogramming.net/python-3-tkinter-basics-tutorial/,16
pandas append,2400,5,113,http://pythonprogramming.net/concatenate-append-data-analysis-python-pandas-tutorial/,19
urllib,2400,5,113,http://pythonprogramming.net/urllib-tutorial-python-3/,32
read csv file python,2400,5,113,http://pythonprogramming.net/reading-csv-files-python-3/,5
matplotlib subplot,5400,8,106,http://pythonprogramming.net/subplot2grid-add_subplot-matplotlib-tutorial/,19
pyqt,5400,8,106,http://pythonprogramming.net/basic-gui-pyqt-tutorial/,33
os python,5400,8,106,http://pythonprogramming.net/python-3-os-module/,20
tuple vs list python,1600,4,105,http://pythonprogramming.net/python-lists-vs-tuples/,5
sentdex,1600,4,105,http://pythonprogramming.net/,31
tensorflow python,2900,6,98,http://pythonprogramming.net/tensorflow-introduction-machine-learning-tutorial/,21
importing csv into python,1900,5,89,http://pythonprogramming.net/reading-csv-files-python-3/,5
import csv python,1900,5,89,http://pythonprogramming.net/reading-csv-files-python-3/,14
programing raspberry pi,1900,5,89,http://pythonprogramming.net/introduction-raspberry-pi-tutorials/,29
program raspberry pi,1900,5,89,http://pythonprogramming.net/introduction-raspberry-pi-tutorials/,29
matplotlib legend,4400,8,87,http://pythonprogramming.net/legends-titles-labels-matplotlib-tutorial/,20
opengl python,880,3,86,http://pythonprogramming.net/opengl-rotating-cube-example-pyopengl-tutorial/,19
opencv tutorial python,880,3,86,http://pythonprogramming.net/loading-images-python-opencv-tutorial/,14
payton programming,40500,11,85,http://pythonprogramming.net/introduction-to-python-programming/,35
sys python,2400,6,81,http://pythonprogramming.net/sys-module-python-3/,19
tkinter tutorial,1600,5,75,http://pythonprogramming.net/python-3-tkinter-basics-tutorial/,20
sklearn support vector machine,3600,8,71,http://pythonprogramming.net/linear-svc-example-scikit-learn-svm-python/,6
pyqt tutorial,720,3,70,http://pythonprogramming.net/basic-gui-pyqt-tutorial/,19
tutorial raspberry pi,720,3,70,http://pythonprogramming.net/introduction-raspberry-pi-tutorials/,25
python programming,33100,11,70,http://pythonprogramming.net/,34
phyton programming,33100,11,70,http://pythonprogramming.net/,34
dataframe append,1000,4,66,http://pythonprogramming.net/concatenate-append-data-analysis-python-pandas-tutorial/,19
ftp python,1000,4,66,http://pythonprogramming.net/ftp-transfers-python-ftplib/,19
how to use pygame,210,1,64,http://pythonprogramming.net/pygame-python-3-part-1-intro/,5
pandas head,2400,7,61,http://pythonprogramming.net/pandas-basics-sentiment/,39
reader python,2400,7,61,http://pythonprogramming.net/reading-csv-files-python-3/,19
python tutorial programs,2400,7,61,http://pythonprogramming.net/introduction-to-python-programming/,24
socket python,5400,10,61,http://pythonprogramming.net/python-sockets/,20
nltk stopwords,880,4,58,http://pythonprogramming.net/stop-words-nltk-tutorial/,18
tkinter button,880,4,58,http://pythonprogramming.net/tkinter-python-3-tutorial-adding-buttons/,18
tflearn,880,4,58,http://pythonprogramming.net/tflearn-machine-learning-tutorial/,31
kivy tutorial,590,3,57,http://pythonprogramming.net/kivy-application-development-tutorial/,19
python read csv into list,590,3,57,http://pythonprogramming.net/reading-csv-files-python-3/,5
cpython tutorial,590,3,57,http://pythonprogramming.net/introduction-and-basics-cython-tutorial/,19
robot python,590,3,57,http://pythonprogramming.net/robotics-raspberry-pi-tutorial-gopigo-introduction/,28
exec python,1600,6,54,http://pythonprogramming.net/python-exec-tutorial/,19
eval python,3600,9,54,http://pythonprogramming.net/python-eval-tutorial/,20
sklearn svm,3600,9,54,http://pythonprogramming.net/linear-svc-example-scikit-learn-svm-python/,20
python math,3600,9,54,http://pythonprogramming.net/math-basics-python-3-beginner-tutorial/,20
phyton programming,33100,12,53,http://pythonprogramming.net/go/,34
python programming,33100,12,53,http://pythonprogramming.net/go/,34
port scan python,320,2,52,http://pythonprogramming.net/python-port-scanner-sockets/,14
pyqt example,320,2,52,http://pythonprogramming.net/basic-gui-pyqt-tutorial/,18
raspberry pi python programming,320,2,52,http://pythonprogramming.net/introduction-raspberry-pi-tutorials/,18
sentdex python,320,2,52,http://pythonprogramming.net/,19
the sys,4400,10,50,http://pythonprogramming.net/sys-module-python-3/,20
beautifulsoup python,4400,10,50,http://pythonprogramming.net/introduction-scraping-parsing-beautiful-soup-tutorial/,20
global python,4400,10,50,http://pythonprogramming.net/global-local-variables/,20
tuple vs list,720,4,47,http://pythonprogramming.net/python-lists-vs-tuples/,13
machine learning with python tutorial,720,4,47,http://pythonprogramming.net/machine-learning-tutorial-python-introduction/,14
machine learning tutorials python,720,4,47,http://pythonprogramming.net/machine-learning-tutorial-python-introduction/,15
subplot python,2400,8,47,http://pythonprogramming.net/subplot2grid-add_subplot-matplotlib-tutorial/,19
enumerate python,22200,11,47,http://pythonprogramming.net/enumerate-intermediate-python-tutorial/,25
video python,480,3,47,http://pythonprogramming.net/loading-video-python-opencv-tutorial/,21
flask flash,480,3,47,http://pythonprogramming.net/flash-flask-tutorial/,22
beautifulsoup tutorial,1300,6,44,http://pythonprogramming.net/introduction-scraping-parsing-beautiful-soup-tutorial/,19
cxfreeze,1300,6,44,http://pythonprogramming.net/converting-python-scripts-exe-executables/,32
python reddit,2900,9,44,http://pythonprogramming.net/introduction-python-reddit-api-wrapper-praw-tutorial/,19
zip function python,2900,9,44,http://pythonprogramming.net/zip-intermediate-python-tutorial/,13
tutorial machine learning,2900,9,44,http://pythonprogramming.net/machine-learning-tutorial-python-introduction/,32
csv module python,880,5,41,http://pythonprogramming.net/reading-csv-files-python-3/,14
python head,880,5,41,http://pythonprogramming.net/pandas-basics-sentiment/,19
opencv python tutorial,880,5,41,http://pythonprogramming.net/image-operations-python-opencv-tutorial/,14
qtpy python,1600,7,41,http://pythonprogramming.net/basic-gui-pyqt-tutorial/,19
pandas correlation,1600,7,41,http://pythonprogramming.net/pandas-statistics-correlation-tables-how-to/,18
plt scatter,3600,10,41,http://pythonprogramming.net/scatter-plot-matplotlib-tutorial/,19
pandas standard deviation,590,4,39,http://pythonprogramming.net/pandas-standard-deviation/,13
pyopengl,590,4,39,http://pythonprogramming.net/opengl-rotating-cube-example-pyopengl-tutorial/,32
python thread tutorial,390,3,38,http://pythonprogramming.net/threading-tutorial-python/,14
bar chart matplotlib,1900,8,37,http://pythonprogramming.net/bar-chart-histogram-matplotlib-tutorial/,14
go tutorial,2400,9,36,http://pythonprogramming.net/go/,21
python programme language,2400,9,36,http://pythonprogramming.net/introduction-to-python-programming/,18
lemmatization nltk,210,2,34,http://pythonprogramming.net/lemmatizing-nltk-tutorial/,18
how to read csv file in python,720,5,34,http://pythonprogramming.net/reading-csv-files-python-3/,5
python open csv,720,5,34,http://pythonprogramming.net/reading-csv-files-python-3/,13
nltk pos tagger,720,5,34,http://pythonprogramming.net/natural-language-toolkit-nltk-part-speech-tagging/,13
stack plot,110,1,33,http://pythonprogramming.net/stack-plot-matplotlib-tutorial/,18
add column to dataframe pandas,1300,7,33,http://pythonprogramming.net/concatenate-append-data-analysis-python-pandas-tutorial/,6
import os python,1300,7,33,http://pythonprogramming.net/python-3-os-module/,13
reddit python,2900,10,33,http://pythonprogramming.net/streaming-python-reddit-api-wrapper-praw-tutorial/,19
drone programming,480,4,32,http://pythonprogramming.net/building-quadcopter-tutorial-intro/,34
tensorflow adam optimizer,480,4,32,http://pythonprogramming.net/tensorflow-neural-network-session-machine-learning-tutorial/,14
tensorflow cnn,480,4,32,http://pythonprogramming.net/cnn-tensorflow-convolutional-nerual-network-machine-learning-tutorial/,19
pandas map,1600,8,32,http://pythonprogramming.net/python-function-mapping-pandas/,19
print statement python,1600,8,32,http://pythonprogramming.net/python-tutorial-print-function-strings/,14
port scan python,320,3,31,http://pythonprogramming.net/python-threaded-port-scanner/,14
port scanner in python,320,3,31,http://pythonprogramming.net/python-port-scanner-sockets/,6
python programs for raspberry pi,320,3,31,http://pythonprogramming.net/introduction-raspberry-pi-tutorials/,18
raspberry pi programming in python,320,3,31,http://pythonprogramming.net/introduction-raspberry-pi-tutorials/,33
tutorial python gui,880,6,30,http://pythonprogramming.net/python-3-tkinter-basics-tutorial/,15
pandas dataframe append,880,6,30,http://pythonprogramming.net/concatenate-append-data-analysis-python-pandas-tutorial/,13
lemmatize,1900,9,29,http://pythonprogramming.net/lemmatizing-nltk-tutorial/,31
python neural network,1900,9,29,http://pythonprogramming.net/neural-networks-machine-learning-tutorial/,19
pandas rolling,1900,9,29,http://pythonprogramming.net/rolling-statistics-data-analysis-python-pandas-tutorial/,19
pos tagger nltk,590,5,28,http://pythonprogramming.net/natural-language-toolkit-nltk-part-speech-tagging/,13
euclidean distance python,590,5,28,http://pythonprogramming.net/euclidean-distance-machine-learning-tutorial/,13
python programming networking,590,5,28,http://pythonprogramming.net/python-sockets/,17
game tutorial python,170,2,28,http://pythonprogramming.net/pygame-python-3-part-1-intro/,15
pygame text,170,2,28,http://pythonprogramming.net/displaying-text-pygame-screen/,18
pattern recognition python,90,1,27,http://pythonprogramming.net/machine-learning-pattern-recognition-algorithmic-forex-stock-trading/,14
porter stemmer python,90,1,27,http://pythonprogramming.net/stemming-nltk-tutorial/,13
stock screener python,90,1,27,http://pythonprogramming.net/create-a-stock-screener-python/,22
python robot programming,90,1,27,http://pythonprogramming.net/robotics-raspberry-pi-tutorial-gopigo-introduction/,34
python robotics programming,90,1,27,http://pythonprogramming.net/robotics-raspberry-pi-tutorial-gopigo-introduction/,34
keras tutorials,2400,10,27,http://pythonprogramming.net/introduction-deep-learning-python-tensorflow-keras/,21
threading python example,2400,10,27,http://pythonprogramming.net/threading-tutorial-python/,14
learn python for raspberry pi,390,4,26,http://pythonprogramming.net/introduction-raspberry-pi-tutorials/,23
learn python with raspberry pi,390,4,26,http://pythonprogramming.net/introduction-raspberry-pi-tutorials/,18
os module in python,1300,8,26,http://pythonprogramming.net/python-3-os-module/,6
cron job python,1000,7,26,http://pythonprogramming.net/crontab-tutorial-basics/,14
dash python,1000,7,26,http://pythonprogramming.net/data-visualization-application-dash-python-tutorial-introduction/,19
support vector machines python,1000,7,26,http://pythonprogramming.net/linear-svc-example-scikit-learn-svm-python/,5
what is python programming,33100,15,26,http://pythonprogramming.net/introduction-to-python-programming/,21
python list manipulation,260,3,25,http://pythonprogramming.net/python-3-list-manipulation/,13
real time plot python,260,3,25,http://pythonprogramming.net/python-matplotlib-live-updating-graphs/,7
drawing in python,720,6,24,http://pythonprogramming.net/pygame-drawing-shapes-objects/,14
nltk pos tagger,720,6,24,http://pythonprogramming.net/part-of-speech-tagging-nltk-tutorial/,13
flask bootstrap,720,6,24,http://pythonprogramming.net/flask-bootstrap/,19
python simulations,720,6,24,http://pythonprogramming.net/monte-carlo-simulator-python/,19
python bar chart,720,6,24,http://pythonprogramming.net/bar-chart-histogram-matplotlib-tutorial/,14
finance python,1600,9,24,http://pythonprogramming.net/getting-stock-prices-python-programming-for-finance/,28
print function,140,2,23,http://pythonprogramming.net/python-tutorial-print-function-strings/,19
matplotlib histogram tutorial,140,2,23,http://pythonprogramming.net/bar-chart-histogram-matplotlib-tutorial/,14
python event handling,140,2,23,http://pythonprogramming.net/tkinter-tutorial-python-3-event-handling/,14
python tutorial raspberry pi,140,2,23,http://pythonprogramming.net/introduction-raspberry-pi-tutorials/,15
tweepy stream,140,2,23,http://pythonprogramming.net/twitter-api-streaming-tweets-python-tutorial/,18
ttk python,140,2,23,http://pythonprogramming.net/styling-gui-bit-using-ttk/,19
python import sys,880,7,23,http://pythonprogramming.net/sys-module-python-3/,13
print string python,880,7,23,http://pythonprogramming.net/python-tutorial-print-function-strings/,14
pygal,480,5,23,http://pythonprogramming.net/pygal-tutorial/,31
import sys,480,5,23,http://pythonprogramming.net/sys-module-python-3/,18
python bootstrap,480,5,23,http://pythonprogramming.net/flask-bootstrap/,19
pandas append column,480,5,23,http://pythonprogramming.net/concatenate-append-data-analysis-python-pandas-tutorial/,13
pandas resample how,1900,10,21,http://pythonprogramming.net/resample-data-analysis-python-pandas-tutorial/,13
pyopengl example,70,1,21,http://pythonprogramming.net/opengl-rotating-cube-example-pyopengl-tutorial/,19
nltk tutorial,320,4,21,http://pythonprogramming.net/tokenizing-words-sentences-nltk-tutorial/,20
threading python,9900,11,21,http://pythonprogramming.net/threading-tutorial-python/,21
stock programming,210,3,20,http://pythonprogramming.net/getting-stock-prices-python-programming-for-finance/,30
wordnet python,210,3,20,http://pythonprogramming.net/wordnet-nltk-tutorial/,19
bar chart python,590,6,20,http://pythonprogramming.net/bar-chart-histogram-matplotlib-tutorial/,14
python sys module,590,6,20,http://pythonprogramming.net/sys-module-python-3/,14
how to program raspberry pi,590,6,20,http://pythonprogramming.net/introduction-raspberry-pi-tutorials/,22
textsurf,590,6,20,http://pythonprogramming.net/displaying-text-pygame-screen/,33
python draw,590,6,20,http://pythonprogramming.net/pygame-drawing-shapes-objects/,19
pos tagger nltk,590,6,20,http://pythonprogramming.net/part-of-speech-tagging-nltk-tutorial/,13
bar plot python,1000,8,20,http://pythonprogramming.net/bar-chart-histogram-matplotlib-tutorial/,14
support vector machines python,1000,8,20,http://pythonprogramming.net/support-vector-machine-intro-machine-learning-tutorial/,5
matplotlib tutorial,1300,9,20,http://pythonprogramming.net/matplotlib-python-3-basics-tutorial/,21
statistics python,1300,9,20,http://pythonprogramming.net/statistics-python-3-module-mean-standard-deviation/,20
python print command,720,7,18,http://pythonprogramming.net/python-tutorial-print-function-strings/,14
supercomputer raspberry pi,720,7,18,http://pythonprogramming.net/build-supercomputer-raspberry-pi/,21
simulation with python,720,7,18,http://pythonprogramming.net/monte-carlo-simulator-python/,14
basic programming python,720,7,18,http://pythonprogramming.net/introduction-to-python-programming/,18
raspberry pi coding,720,7,18,http://pythonprogramming.net/introduction-raspberry-pi-tutorials/,37
open csv file python,390,5,18,http://pythonprogramming.net/reading-csv-files-python-3/,6
pandas dataframe add row,390,5,18,http://pythonprogramming.net/concatenate-append-data-analysis-python-pandas-tutorial/,5
discord bot python,390,5,18,http://pythonprogramming.net/discordpy-basic-bot-tutorial-introduction/,13
linear svc,390,5,18,http://pythonprogramming.net/linear-svc-example-scikit-learn-svm-python/,19
learning python raspberry pi,390,5,18,http://pythonprogramming.net/introduction-raspberry-pi-tutorials/,16
python scatter plot,1600,10,18,http://pythonprogramming.net/scatter-plot-matplotlib-tutorial/,14
opencv threshold python,110,2,18,http://pythonprogramming.net/thresholding-image-analysis-python-opencv-tutorial/,13
qtgui python,110,2,18,http://pythonprogramming.net/basic-gui-pyqt-tutorial/,19
opengl tutorial python,110,2,18,http://pythonprogramming.net/opengl-rotating-cube-example-pyopengl-tutorial/,14
python statistics module,110,2,18,http://pythonprogramming.net/statistics-python-3-module-mean-standard-deviation/,14
bio tags,110,2,18,http://pythonprogramming.net/using-bio-tags-create-named-entity-lists/,20
while loop python,18100,14,18,http://pythonprogramming.net/python-3-loop-tutorial/,19
python dash,880,8,17,http://pythonprogramming.net/data-visualization-application-dash-python-tutorial-introduction/,19
kivi python,880,8,17,http://pythonprogramming.net/kivy-application-development-tutorial/,19
intermediate python,260,4,17,http://pythonprogramming.net/introduction-intermediate-python-tutorial/,21
wordnet nltk,260,4,17,http://pythonprogramming.net/wordnet-nltk-tutorial/,18
cython examples,260,4,17,http://pythonprogramming.net/introduction-and-basics-cython-tutorial/,18
opencv example python,260,4,17,http://pythonprogramming.net/loading-images-python-opencv-tutorial/,14
cnn python,170,3,17,http://pythonprogramming.net/convolutional-neural-network-cnn-machine-learning-tutorial/,19
ibpy,170,3,17,http://pythonprogramming.net/ibpy-tutorial-using-interactive-brokers-api-python/,31
qt python tutorial,170,3,17,http://pythonprogramming.net/basic-gui-pyqt-tutorial/,16
nlp python tutorial,170,3,17,http://pythonprogramming.net/tokenizing-words-sentences-nltk-tutorial/,17
tkinter matplotlib,170,3,17,http://pythonprogramming.net/how-to-embed-matplotlib-graph-tkinter-gui/,18
pandas join on multiple columns,170,3,17,http://pythonprogramming.net/join-merge-data-analysis-python-pandas-tutorial/,5
python fundamentals,170,3,17,http://pythonprogramming.net/python-fundamental-tutorials/,28
tf learn,170,3,17,http://pythonprogramming.net/tflearn-machine-learning-tutorial/,18
install nltk,480,6,16,http://pythonprogramming.net/installing-nltk-nlp-python/,18
correlation matrix python,480,6,16,http://pythonprogramming.net/pandas-statistics-correlation-tables-how-to/,13
string concatenation in python,9900,12,16,http://pythonprogramming.net/string-concatenation-formatting-intermediate-python-tutorial/,7
string concatenation python,9900,12,16,http://pythonprogramming.net/string-concatenation-formatting-intermediate-python-tutorial/,15
quadcopter programming,50,1,15,http://pythonprogramming.net/building-quadcopter-tutorial-intro/,23
intermediate python programming,50,1,15,http://pythonprogramming.net/introduction-intermediate-python-tutorial/,26
qtgui tutorial,50,1,15,http://pythonprogramming.net/basic-gui-pyqt-tutorial/,19
matplotlib live plot,50,1,15,http://pythonprogramming.net/live-graphs-matplotlib-tutorial/,13
append data frames pandas,590,7,15,http://pythonprogramming.net/concatenate-append-data-analysis-python-pandas-tutorial/,6
python game programming,590,7,15,http://pythonprogramming.net/pygame-python-3-part-1-intro/,22
matplotlib label,590,7,15,http://pythonprogramming.net/legends-titles-labels-matplotlib-tutorial/,18
csv file python,590,7,15,http://pythonprogramming.net/reading-csv-files-python-3/,14
python asyncio tutorial,320,5,15,http://pythonprogramming.net/asyncio-basics-intermediate-python-tutorial/,14
python urllib request,320,5,15,http://pythonprogramming.net/urllib-tutorial-python-3/,13
pandas merge on multiple columns,320,5,15,http://pythonprogramming.net/join-merge-data-analysis-python-pandas-tutorial/,5
nltk tutorial,320,5,15,http://pythonprogramming.net/text-classification-nltk-tutorial/,20
nltk tokenizer,1000,9,15,http://pythonprogramming.net/tokenizing-words-sentences-nltk-tutorial/,20
python socket programming,1000,9,15,http://pythonprogramming.net/python-sockets/,14
python pickle example,1000,9,15,http://pythonprogramming.net/python-pickle-module-save-objects-serialization/,13
svm sklearn,1000,9,15,http://pythonprogramming.net/linear-svc-example-scikit-learn-svm-python/,19
scatter plot python,1300,10,15,http://pythonprogramming.net/scatter-plot-matplotlib-tutorial/,14
matplotlib bar,1300,10,15,http://pythonprogramming.net/bar-chart-histogram-matplotlib-tutorial/,19
opencv tutorials,1300,10,15,http://pythonprogramming.net/loading-images-python-opencv-tutorial/,19
pyqt gui,90,2,15,http://pythonprogramming.net/basic-gui-pyqt-tutorial/,18
pattern recognition python,90,2,15,http://pythonprogramming.net/image-recognition-python/,14
opencv grabcut,90,2,15,http://pythonprogramming.net/grabcut-foreground-extraction-python-opencv-tutorial/,18
python programming gui,720,8,14,http://pythonprogramming.net/gui-development-tutorials/,15
legend python,720,8,14,http://pythonprogramming.net/legends-titles-labels-matplotlib-tutorial/,19
chatbots python,720,8,14,http://pythonprogramming.net/chatbot-deep-learning-python-tensorflow/,25
plt bar,720,8,14,http://pythonprogramming.net/bar-chart-histogram-matplotlib-tutorial/,19
what is python in programming,40500,19,14,http://pythonprogramming.net/introduction-to-python-programming/,24
dash tutorial,210,4,14,http://pythonprogramming.net/data-visualization-application-dash-python-tutorial-introduction/,19
list manipulation python,210,4,14,http://pythonprogramming.net/python-3-list-manipulation/,13
buttons in python,210,4,14,http://pythonprogramming.net/tkinter-python-3-tutorial-adding-buttons/,14
nltk python tutorial,210,4,14,http://pythonprogramming.net/tokenizing-words-sentences-nltk-tutorial/,14
convolutional neural network python,210,4,14,http://pythonprogramming.net/convolutional-neural-network-cnn-machine-learning-tutorial/,11
discord python bot,210,4,14,http://pythonprogramming.net/discordpy-basic-bot-tutorial-introduction/,14
if else python,33100,18,14,http://pythonprogramming.net/else-python-3-tutorial/,23
stopwords python,140,3,14,http://pythonprogramming.net/stop-words-nltk-tutorial/,19
raspberry pi gpio tutorial,140,3,14,http://pythonprogramming.net/gpio-raspberry-pi-tutorials/,7
pyopengl tutorial,140,3,14,http://pythonprogramming.net/opengl-rotating-cube-example-pyopengl-tutorial/,18
kivy python tutorial,140,3,14,http://pythonprogramming.net/kivy-application-development-tutorial/,15
python ftp example,140,3,14,http://pythonprogramming.net/ftp-transfers-python-ftplib/,14
raspberry pi and python,140,3,14,http://pythonprogramming.net/introduction-raspberry-pi-tutorials/,13
tutorial programming,880,9,13,http://pythonprogramming.net/introduction-to-python-programming/,34
programming drones,880,9,13,http://pythonprogramming.net/building-quadcopter-tutorial-intro/,49
python correlation,880,9,13,http://pythonprogramming.net/pandas-statistics-correlation-tables-how-to/,19
matplotlib annotate,880,9,13,http://pythonprogramming.net/last-price-stock-chart-matplotlib-tutorial/,18
raspberry python gpio,880,9,13,http://pythonprogramming.net/gpio-raspberry-pi-tutorials/,15
urllib urlopen,390,6,13,http://pythonprogramming.net/urllib-tutorial-python-3/,18
pandas moving average,390,6,13,http://pythonprogramming.net/rolling-statistics-data-analysis-python-pandas-tutorial/,14
flask post,390,6,13,http://pythonprogramming.net/flask-get-post-requests-handling-tutorial/,18
zipline python,390,6,13,http://pythonprogramming.net/finance-programming-python-zipline-quantopian-intro/,19
request form flask,480,7,12,http://pythonprogramming.net/flask-get-post-requests-handling-tutorial/,13
lstm tensorflow example,480,7,12,http://pythonprogramming.net/rnn-tensorflow-python-machine-learning-tutorial/,14
python discord bot,480,7,12,http://pythonprogramming.net/discordpy-basic-bot-tutorial-introduction/,13
synset,480,7,12,http://pythonprogramming.net/wordnet-nltk-tutorial/,32
bar graph python,480,7,12,http://pythonprogramming.net/bar-chart-histogram-matplotlib-tutorial/,14
pandas merge,9900,13,12,http://pythonprogramming.net/join-merge-data-analysis-python-pandas-tutorial/,21
thread python,9900,13,12,http://pythonprogramming.net/threading-tutorial-python/,21
pygame draw,260,5,12,http://pythonprogramming.net/pygame-drawing-shapes-objects/,18
pause game,260,5,12,http://pythonprogramming.net/pause-game-pygame/,20
append pandas,260,5,12,http://pythonprogramming.net/concatenate-append-data-analysis-python-pandas-tutorial/,18
tensorflow convolutional neural network,260,5,12,http://pythonprogramming.net/cnn-tensorflow-convolutional-nerual-network-machine-learning-tutorial/,9
alphalens,260,5,12,http://pythonprogramming.net/quantopian-alphalens-python-programming-for-finance/,36
adam optimizer tensorflow,260,5,12,http://pythonprogramming.net/tensorflow-neural-network-session-machine-learning-tutorial/,14
opencv with python by example,260,5,12,http://pythonprogramming.net/loading-images-python-opencv-tutorial/,6
machine learning example python,260,5,12,http://pythonprogramming.net/machine-learning-tutorial-python-introduction/,12
python stem,260,5,12,http://pythonprogramming.net/stemming-nltk-tutorial/,19
live graph python,40,1,12,http://pythonprogramming.net/live-graphs-matplotlib-tutorial/,16
python opengl example,40,1,12,http://pythonprogramming.net/opengl-rotating-cube-example-pyopengl-tutorial/,13
using pygame,40,1,12,http://pythonprogramming.net/pygame-python-3-part-1-intro/,18
stanford ner python,40,1,12,http://pythonprogramming.net/named-entity-recognition-stanford-ner-tagger/,14
ner python,40,1,12,http://pythonprogramming.net/named-entity-recognition-stanford-ner-tagger/,19
tkinter graph,40,1,12,http://pythonprogramming.net/how-to-embed-matplotlib-graph-tkinter-gui/,18
natural language processing with python tutorial,40,1,12,http://pythonprogramming.net/tokenizing-words-sentences-nltk-tutorial/,17
python plot csv,40,1,12,http://pythonprogramming.net/loading-file-data-matplotlib-tutorial/,13
search engine optimization python,40,1,12,http://pythonprogramming.net/flask-seo-tutorial/,12
stemming in python,40,1,12,http://pythonprogramming.net/stemming-nltk-tutorial/,13
raspberry pi supercomputer,590,8,12,http://pythonprogramming.net/build-supercomputer-raspberry-pi/,30
python urlopen,590,8,12,http://pythonprogramming.net/urllib-tutorial-python-3/,18
tkinter frames,590,8,12,http://pythonprogramming.net/change-show-new-frame-tkinter/,19
matplotlib pie chart,590,8,12,http://pythonprogramming.net/pie-chart-matplotlib-tutorial/,13
beautifulsoup example,590,8,12,http://pythonprogramming.net/introduction-scraping-parsing-beautiful-soup-tutorial/,19
import os,590,8,12,http://pythonprogramming.net/python-3-os-module/,18
program a game in python,590,8,12,http://pythonprogramming.net/pygame-python-3-part-1-intro/,12
game programming with python,590,8,12,http://pythonprogramming.net/pygame-python-3-part-1-intro/,11
sys stdout,590,8,12,http://pythonprogramming.net/sys-module-python-3/,18
how to program a raspberry pi,590,8,12,http://pythonprogramming.net/introduction-raspberry-pi-tutorials/,11
svc sklearn,590,8,12,http://pythonprogramming.net/linear-svc-example-scikit-learn-svm-python/,18
beautiful soup,14800,15,11,http://pythonprogramming.net/introduction-scraping-parsing-beautiful-soup-tutorial/,23
socket python,5400,11,11,http://pythonprogramming.net/python-binding-listening-sockets/,20
python password hashing,70,2,11,http://pythonprogramming.net/password-hashing-flask-tutorial/,14
flask jquery,70,2,11,http://pythonprogramming.net/jquery-flask-tutorial/,18
python tutorial intermediate,70,2,11,http://pythonprogramming.net/introduction-intermediate-python-tutorial/,17
raspberry pi gpio tutorial python,70,2,11,http://pythonprogramming.net/gpio-raspberry-pi-tutorials/,7
pygame draw text,70,2,11,http://pythonprogramming.net/displaying-text-pygame-screen/,13
python os module tutorial,70,2,11,http://pythonprogramming.net/python-3-os-module/,7
textblob,1000,10,11,http://pythonprogramming.net/sentiment-analysis-python-textblob-vader/,32
keras python,1000,10,11,http://pythonprogramming.net/introduction-deep-learning-python-tensorflow-keras/,24
svm python,1000,10,11,http://pythonprogramming.net/linear-svc-example-scikit-learn-svm-python/,19
tkinter menu,170,4,11,http://pythonprogramming.net/tkinter-menu-bar-tutorial/,18
remove stop words python,170,4,11,http://pythonprogramming.net/stop-words-nltk-tutorial/,5
gpio tutorial raspberry pi,170,4,11,http://pythonprogramming.net/gpio-raspberry-pi-tutorials/,6
standard deviation pandas,170,4,11,http://pythonprogramming.net/pandas-standard-deviation/,13
named entity recognition python,320,6,11,http://pythonprogramming.net/named-entity-recognition-stanford-ner-tagger/,6
opencv rectangle,320,6,11,http://pythonprogramming.net/drawing-writing-python-opencv-tutorial/,18
practical python programming,320,6,11,http://pythonprogramming.net/practical-flask-introduction/,22
flask post request,320,6,11,http://pythonprogramming.net/flask-get-post-requests-handling-tutorial/,13
make game in python,720,9,11,http://pythonprogramming.net/pygame-python-3-part-1-intro/,7
scatter plot matplotlib,720,9,11,http://pythonprogramming.net/scatter-plot-matplotlib-tutorial/,14
opencv threshold,720,9,11,http://pythonprogramming.net/thresholding-image-analysis-python-opencv-tutorial/,18
loops in python,60500,23,11,http://pythonprogramming.net/python-3-loop-tutorial/,32
tkinter ttk,110,3,11,http://pythonprogramming.net/styling-gui-bit-using-ttk/,18
dash python tutorial,110,3,11,http://pythonprogramming.net/data-visualization-application-dash-python-tutorial-introduction/,16
live stream reddit,6600,12,11,http://pythonprogramming.net/streaming-python-reddit-api-wrapper-praw-tutorial/,15
pickling in python,8100,13,10,http://pythonprogramming.net/python-pickle-module-save-objects-serialization/,16
zipline python,390,7,10,http://pythonprogramming.net/zipline-local-install-python-programming-for-finance/,19
python pygame,390,7,10,http://pythonprogramming.net/pygame-python-3-part-1-intro/,19
python csv library,390,7,10,http://pythonprogramming.net/reading-csv-files-python-3/,14
tokenizer python,880,10,10,http://pythonprogramming.net/tokenizing-words-sentences-nltk-tutorial/,23
bar plot matplotlib,880,10,10,http://pythonprogramming.net/bar-chart-histogram-matplotlib-tutorial/,13
flask get post data,210,5,10,http://pythonprogramming.net/flask-get-post-requests-handling-tutorial/,5
tensorflow python tutorial,210,5,10,http://pythonprogramming.net/tensorflow-introduction-machine-learning-tutorial/,18
asyncio tutorial,210,5,10,http://pythonprogramming.net/asyncio-basics-intermediate-python-tutorial/,18
adaptive threshold opencv,210,5,10,http://pythonprogramming.net/thresholding-image-analysis-python-opencv-tutorial/,13
machine learning programming,480,8,9,http://pythonprogramming.net/machine-learning-tutorials/,35
how to programming in python,480,8,9,http://pythonprogramming.net/introduction-to-python-programming/,10
os library python,480,8,9,http://pythonprogramming.net/python-3-os-module/,13
matplotlib styles,480,8,9,http://pythonprogramming.net/styles-matplotlib-tutorial/,19
develop game in python,480,8,9,http://pythonprogramming.net/pygame-python-3-part-1-intro/,9
elif python,4400,11,9,http://pythonprogramming.net/elif-else-python-3-tutorial/,20
nltk named entity recognition,140,4,9,http://pythonprogramming.net/named-entity-recognition-stanford-ner-tagger/,6
web development with python tutorial,140,4,9,http://pythonprogramming.net/django-web-development-with-python-intro/,15
python dataframe append,140,4,9,http://pythonprogramming.net/concatenate-append-data-analysis-python-pandas-tutorial/,14
kivy python tutorial,140,4,9,http://pythonprogramming.net/kivy-language-tutorial/,15
recurrent neural network python,140,4,9,http://pythonprogramming.net/recurrent-neural-network-rnn-lstm-machine-learning-tutorial/,10
rnn python,140,4,9,http://pythonprogramming.net/recurrent-neural-network-rnn-lstm-machine-learning-tutorial/,19
jinja tutorial,140,4,9,http://pythonprogramming.net/jinja-template-flask-tutorial/,20
svm python code,140,4,9,http://pythonprogramming.net/svm-in-python-machine-learning-tutorial/,14
python if statement,18100,17,9,http://pythonprogramming.net/if-statement-python-3-basics-tutorial/,19
tuple python,18100,17,9,http://pythonprogramming.net/python-lists-vs-tuples/,24
image recognition library python,30,1,9,http://pythonprogramming.net/image-recognition-python/,8
monte carlo method python,30,1,9,http://pythonprogramming.net/monte-carlo-simulator-python/,6
python dashboard tutorial,30,1,9,http://pythonprogramming.net/data-visualization-application-dash-python-tutorial-introduction/,21
encryption python,590,9,9,http://pythonprogramming.net/encryption-and-decryption-in-python-code-example-with-explanation/,20
python programming for beginners,590,9,9,http://pythonprogramming.net/introduction-to-python-programming/,36
chatbot python,590,9,9,http://pythonprogramming.net/chatbot-deep-learning-python-tensorflow/,27
mobile app with python,260,6,9,http://pythonprogramming.net/kivy-application-development-tutorial/,12
labels python,260,6,9,http://pythonprogramming.net/legends-titles-labels-matplotlib-tutorial/,19
coding in python tutorial,260,6,9,http://pythonprogramming.net/introduction-to-python-programming/,14
dataframe add row,260,6,9,http://pythonprogramming.net/concatenate-append-data-analysis-python-pandas-tutorial/,14
tensorflow cnn example,260,6,9,http://pythonprogramming.net/cnn-tensorflow-convolutional-nerual-network-machine-learning-tutorial/,14
practical machine learning with python,90,3,9,http://pythonprogramming.net/machine-learning-tutorial-python-introduction/,36
pygame sound,90,3,9,http://pythonprogramming.net/adding-sounds-music-pygame/,18
screen manager,90,3,9,http://pythonprogramming.net/kivy-screen-manager-tutorial/,30
python tutorial for intermediate,90,3,9,http://pythonprogramming.net/introduction-intermediate-python-tutorial/,11
pandas std,320,7,8,http://pythonprogramming.net/pandas-standard-deviation/,18
how to use tensorflow,320,7,8,http://pythonprogramming.net/tensorflow-introduction-machine-learning-tutorial/,8
python gpio,320,7,8,http://pythonprogramming.net/gpio-raspberry-pi-tutorials/,19
python introduction for programmers,320,7,8,http://pythonprogramming.net/introduction-to-python-programming/,24
textblob sentiment analysis,320,7,8,http://pythonprogramming.net/sentiment-analysis-python-textblob-vader/,18
neural network python tutorial,320,7,8,http://pythonprogramming.net/neural-networks-machine-learning-tutorial/,9
haar cascade,720,10,8,http://pythonprogramming.net/haar-cascade-object-detection-python-opencv-tutorial/,19
android app in python,720,10,8,http://pythonprogramming.net/kivy-application-development-tutorial/,7
android app with python,720,10,8,http://pythonprogramming.net/kivy-application-development-tutorial/,7
tensorflow session run,720,10,8,http://pythonprogramming.net/tensorflow-neural-network-session-machine-learning-tutorial/,14
python multiline print,50,2,8,http://pythonprogramming.net/multi-line-printing-python-3/,13
twitter sentiment analysis python nltk,50,2,8,http://pythonprogramming.net/twitter-sentiment-analysis-nltk-tutorial/,7
tkinter multiple windows,50,2,8,http://pythonprogramming.net/change-show-new-frame-tkinter/,13
nltk tags,50,2,8,http://pythonprogramming.net/natural-language-toolkit-nltk-part-speech-tagging/,18
tkinter basics,50,2,8,http://pythonprogramming.net/python-3-tkinter-basics-tutorial/,18
if else python,33100,21,8,http://pythonprogramming.net/elif-else-python-3-tutorial/,23
keras tensorflow tutorial,170,5,8,http://pythonprogramming.net/introduction-deep-learning-python-tensorflow-keras/,16
tkinter image,170,5,8,http://pythonprogramming.net/tkinter-adding-text-images/,18
python read from csv,170,5,8,http://pythonprogramming.net/reading-csv-files-python-3/,5
python parse csv file,170,5,8,http://pythonprogramming.net/reading-csv-files-python-3/,5
mobile app development python,170,5,8,http://pythonprogramming.net/kivy-application-development-tutorial/,30
intro to python programming,170,5,8,http://pythonprogramming.net/introduction-to-python-programming/,18
dataframe append row,170,5,8,http://pythonprogramming.net/concatenate-append-data-analysis-python-pandas-tutorial/,13
pandas append two dataframes,170,5,8,http://pythonprogramming.net/concatenate-append-data-analysis-python-pandas-tutorial/,5
pandas merge on two columns,170,5,8,http://pythonprogramming.net/join-merge-data-analysis-python-pandas-tutorial/,5
plotting in python,8100,14,8,http://pythonprogramming.net/matplotlib-3d-scatterplot-tutorial/,16
machine learning in python,8100,14,8,http://pythonprogramming.net/machine-learning-tutorial-python-introduction/,17
machine learning with python,8100,14,8,http://pythonprogramming.net/machine-learning-tutorial-python-introduction/,21
pickle python,8100,14,8,http://pythonprogramming.net/python-pickle-module-save-objects-serialization/,21
re python,27100,20,8,http://pythonprogramming.net/regular-expressions-regex-tutorial-python-3/,27
socket listen python,390,8,8,http://pythonprogramming.net/python-binding-listening-sockets/,13
flask mysql,390,8,8,http://pythonprogramming.net/flask-connect-mysql-using-mysqldb-tutorial/,19
quandl python,390,8,8,http://pythonprogramming.net/using-quandl-data/,19
opencv template matching,390,8,8,http://pythonprogramming.net/template-matching-python-opencv-tutorial/,13
how to make a discord bot python,390,8,8,http://pythonprogramming.net/discordpy-basic-bot-tutorial-introduction/,6
argparse python,9900,15,8,http://pythonprogramming.net/argparse-cli-intermediate-python-tutorial/,21
python flask,12100,16,8,http://pythonprogramming.net/practical-flask-introduction/,22
python pickle dictionary,110,4,7,http://pythonprogramming.net/python-pickle-module-save-objects-serialization/,13
robot programming basics,110,4,7,http://pythonprogramming.net/robot-programming-basics-tutorial/,26
encryption code python,110,4,7,http://pythonprogramming.net/encryption-and-decryption-in-python-code-example-with-explanation/,15
python exec example,110,4,7,http://pythonprogramming.net/python-exec-tutorial/,14
opencv haar cascade,110,4,7,http://pythonprogramming.net/haar-cascade-object-detection-python-opencv-tutorial/,13
tensorflow adam optimizer example,110,4,7,http://pythonprogramming.net/tensorflow-neural-network-session-machine-learning-tutorial/,6
matplotlib candlestick,110,4,7,http://pythonprogramming.net/candlestick-ohlc-graph-matplotlib-tutorial/,18
statistics library python,110,4,7,http://pythonprogramming.net/statistics-python-3-module-mean-standard-deviation/,14
matplotlib example python,480,9,7,http://pythonprogramming.net/matplotlib-python-3-basics-tutorial/,14
pie charts in python,480,9,7,http://pythonprogramming.net/pie-chart-matplotlib-tutorial/,6
pickle file,480,9,7,http://pythonprogramming.net/python-pickle-module-save-objects-serialization/,18
hierarchical clustering python,480,9,7,http://pythonprogramming.net/hierarchical-clustering-machine-learning-python-scikit-learn/,14
game development with python,480,9,7,http://pythonprogramming.net/game-development-tutorials/,10
python net,480,9,7,http://pythonprogramming.net/,19
cx freeze,210,6,7,http://pythonprogramming.net/converting-python-scripts-exe-executables/,18
learn python for machine learning,210,6,7,http://pythonprogramming.net/machine-learning-tutorial-python-introduction/,29
beautiful soup xml,210,6,7,http://pythonprogramming.net/tables-xml-scraping-parsing-beautiful-soup-tutorial/,13
df append,210,6,7,http://pythonprogramming.net/concatenate-append-data-analysis-python-pandas-tutorial/,19
beautifulsoup python tutorial,210,6,7,http://pythonprogramming.net/introduction-scraping-parsing-beautiful-soup-tutorial/,14
df head,210,6,7,http://pythonprogramming.net/pandas-basics-sentiment/,18
opencv puttext,210,6,7,http://pythonprogramming.net/drawing-writing-python-opencv-tutorial/,18
raspberry pi camera tutorial,210,6,7,http://pythonprogramming.net/camera-module-raspberry-pi-tutorials/,8
python read csv example,210,6,7,http://pythonprogramming.net/reading-csv-files-python-3/,5
using tensorflow,210,6,7,http://pythonprogramming.net/tensorflow-introduction-machine-learning-tutorial/,19
python tkinter examples,590,10,7,http://pythonprogramming.net/python-3-tkinter-basics-tutorial/,14
porter stemming,590,10,7,http://pythonprogramming.net/stemming-nltk-tutorial/,19
python beautifulsoup tutorial,260,7,7,http://pythonprogramming.net/introduction-scraping-parsing-beautiful-soup-tutorial/,14
matplotlib tutorial python,140,5,7,http://pythonprogramming.net/matplotlib-python-3-basics-tutorial/,16
python in web development tutorial,140,5,7,http://pythonprogramming.net/django-web-development-with-python-intro/,16
wordnet synset,140,5,7,http://pythonprogramming.net/wordnet-nltk-tutorial/,18
statistics module python,40,2,6,http://pythonprogramming.net/statistics-python-3-module-mean-standard-deviation/,13
nltk text classification,40,2,6,http://pythonprogramming.net/text-classification-nltk-tutorial/,13
write to file python,22200,20,6,http://pythonprogramming.net/writing-file-python-3-basics/,12
stanford ner,320,8,6,http://pythonprogramming.net/named-entity-recognition-stanford-ner-tagger/,19
opencv color filter,20,1,6,http://pythonprogramming.net/color-filter-python-opencv-tutorial/,13
drone programming tutorial,20,1,6,http://pythonprogramming.net/building-quadcopter-tutorial-intro/,22
image pattern recognition python,20,1,6,http://pythonprogramming.net/image-recognition-python/,9
